model,privacy_budget,noniid_level,round,accuracy,loss
FedAvg,0.5,0.1,1,0.51239,0.73941
FedAvg,0.5,0.1,2,0.52456,0.70691
FedAvg,0.5,0.1,3,0.53066,0.6932
FedAvg,0.5,0.1,4,0.55179,0.66466
FedAvg,0.5,0.1,5,0.55898,0.64825
FedAvg,0.5,0.1,6,0.56171,0.63985
FedAvg,0.5,0.1,7,0.55501,0.65253
FedAvg,0.5,0.1,8,0.57292,0.62097
FedAvg,0.5,0.1,9,0.56393,0.60862
FedAvg,0.5,0.1,10,0.57235,0.60742
FedAvg,0.5,0.1,11,0.58263,0.59539
FedAvg,0.5,0.1,12,0.5866,0.58226
FedAvg,0.5,0.1,13,0.58762,0.5898
FedAvg,0.5,0.1,14,0.58379,0.60722
FedAvg,0.5,0.1,15,0.5928,0.58837
FedAvg,0.5,0.1,16,0.58721,0.57596
FedAvg,0.5,0.1,17,0.59013,0.57744
FedAvg,0.5,0.1,18,0.59707,0.57062
FedAvg,0.5,0.1,19,0.59153,0.56576
FedAvg,0.5,0.1,20,0.5919,0.58654
FedAvg,0.5,0.1,21,0.59087,0.5778
FedAvg,0.5,0.1,22,0.59887,0.5489
FedAvg,0.5,0.1,23,0.59712,0.579
FedAvg,0.5,0.1,24,0.58518,0.57917
FedAvg,0.5,0.1,25,0.59701,0.55742
FedAvg,0.5,0.1,26,0.60096,0.55925
FedAvg,0.5,0.1,27,0.58947,0.58407
FedAvg,0.5,0.1,28,0.60252,0.56684
FedAvg,0.5,0.1,29,0.60735,0.5541
FedAvg,0.5,0.1,30,0.5996,0.54823
FedAvg,0.5,0.1,31,0.60274,0.55063
FedAvg,0.5,0.1,32,0.59646,0.5528
FedAvg,0.5,0.1,33,0.59349,0.56423
FedAvg,0.5,0.1,34,0.60712,0.53008
FedAvg,0.5,0.1,35,0.59073,0.57569
FedAvg,0.5,0.1,36,0.60821,0.55456
FedAvg,0.5,0.1,37,0.58821,0.55155
FedAvg,0.5,0.1,38,0.60181,0.5503
FedAvg,0.5,0.1,39,0.59299,0.57976
FedAvg,0.5,0.1,40,0.60636,0.55281
FedAvg,0.5,0.3,1,0.50983,0.74222
FedAvg,0.5,0.3,2,0.52511,0.71548
FedAvg,0.5,0.3,3,0.52485,0.70894
FedAvg,0.5,0.3,4,0.51766,0.72102
FedAvg,0.5,0.3,5,0.53739,0.68129
FedAvg,0.5,0.3,6,0.52376,0.68479
FedAvg,0.5,0.3,7,0.54406,0.6412
FedAvg,0.5,0.3,8,0.54082,0.67111
FedAvg,0.5,0.3,9,0.53658,0.68045
FedAvg,0.5,0.3,10,0.54992,0.64199
FedAvg,0.5,0.3,11,0.55043,0.64742
FedAvg,0.5,0.3,12,0.5508,0.65025
FedAvg,0.5,0.3,13,0.54749,0.6379
FedAvg,0.5,0.3,14,0.5589,0.62515
FedAvg,0.5,0.3,15,0.54839,0.64804
FedAvg,0.5,0.3,16,0.56335,0.6123
FedAvg,0.5,0.3,17,0.54704,0.63749
FedAvg,0.5,0.3,18,0.55507,0.62395
FedAvg,0.5,0.3,19,0.56496,0.60226
FedAvg,0.5,0.3,20,0.56458,0.5999
FedAvg,0.5,0.3,21,0.55271,0.6351
FedAvg,0.5,0.3,22,0.56456,0.62042
FedAvg,0.5,0.3,23,0.56017,0.6191
FedAvg,0.5,0.3,24,0.55928,0.62441
FedAvg,0.5,0.3,25,0.55753,0.62364
FedAvg,0.5,0.3,26,0.56222,0.61411
FedAvg,0.5,0.3,27,0.56354,0.61775
FedAvg,0.5,0.3,28,0.57116,0.60452
FedAvg,0.5,0.3,29,0.55666,0.61772
FedAvg,0.5,0.3,30,0.55925,0.62695
FedAvg,0.5,0.3,31,0.55741,0.62406
FedAvg,0.5,0.3,32,0.57053,0.5761
FedAvg,0.5,0.3,33,0.55283,0.6289
FedAvg,0.5,0.3,34,0.56202,0.61592
FedAvg,0.5,0.3,35,0.5571,0.62693
FedAvg,0.5,0.3,36,0.56142,0.60906
FedAvg,0.5,0.3,37,0.57435,0.5997
FedAvg,0.5,0.3,38,0.55647,0.62014
FedAvg,0.5,0.3,39,0.55847,0.61768
FedAvg,0.5,0.3,40,0.54348,0.6344
FedAvg,0.5,0.5,1,0.50884,0.72758
FedAvg,0.5,0.5,2,0.50478,0.74729
FedAvg,0.5,0.5,3,0.51238,0.73583
FedAvg,0.5,0.5,4,0.49882,0.73105
FedAvg,0.5,0.5,5,0.50851,0.72267
FedAvg,0.5,0.5,6,0.51842,0.67178
FedAvg,0.5,0.5,7,0.51953,0.67917
FedAvg,0.5,0.5,8,0.51808,0.67785
FedAvg,0.5,0.5,9,0.51587,0.70528
FedAvg,0.5,0.5,10,0.51464,0.6948
FedAvg,0.5,0.5,11,0.52094,0.68362
FedAvg,0.5,0.5,12,0.51616,0.70262
FedAvg,0.5,0.5,13,0.52345,0.67277
FedAvg,0.5,0.5,14,0.53402,0.64825
FedAvg,0.5,0.5,15,0.52338,0.67094
FedAvg,0.5,0.5,16,0.51898,0.68592
FedAvg,0.5,0.5,17,0.51977,0.68339
FedAvg,0.5,0.5,18,0.50949,0.67565
FedAvg,0.5,0.5,19,0.52253,0.66229
FedAvg,0.5,0.5,20,0.51284,0.6703
FedAvg,0.5,0.5,21,0.52674,0.6726
FedAvg,0.5,0.5,22,0.5281,0.65349
FedAvg,0.5,0.5,23,0.51937,0.66338
FedAvg,0.5,0.5,24,0.52405,0.68386
FedAvg,0.5,0.5,25,0.51419,0.69715
FedAvg,0.5,0.5,26,0.52552,0.6637
FedAvg,0.5,0.5,27,0.50782,0.70416
FedAvg,0.5,0.5,28,0.51912,0.6681
FedAvg,0.5,0.5,29,0.52214,0.67388
FedAvg,0.5,0.5,30,0.52877,0.65019
FedAvg,0.5,0.5,31,0.52663,0.67817
FedAvg,0.5,0.5,32,0.52855,0.65872
FedAvg,0.5,0.5,33,0.51539,0.68906
FedAvg,0.5,0.5,34,0.52057,0.67281
FedAvg,0.5,0.5,35,0.52844,0.65786
FedAvg,0.5,0.5,36,0.50613,0.68782
FedAvg,0.5,0.5,37,0.5088,0.6961
FedAvg,0.5,0.5,38,0.52184,0.66352
FedAvg,0.5,0.5,39,0.51988,0.68066
FedAvg,0.5,0.5,40,0.52042,0.68482
FedAvg,1.0,0.1,1,0.52006,0.73396
FedAvg,1.0,0.1,2,0.54696,0.6948
FedAvg,1.0,0.1,3,0.54912,0.67829
FedAvg,1.0,0.1,4,0.55492,0.64521
FedAvg,1.0,0.1,5,0.56561,0.64718
FedAvg,1.0,0.1,6,0.57964,0.61276
FedAvg,1.0,0.1,7,0.59419,0.58885
FedAvg,1.0,0.1,8,0.59894,0.58189
FedAvg,1.0,0.1,9,0.61939,0.54885
FedAvg,1.0,0.1,10,0.61713,0.55942
FedAvg,1.0,0.1,11,0.61731,0.53469
FedAvg,1.0,0.1,12,0.61909,0.55393
FedAvg,1.0,0.1,13,0.61592,0.54027
FedAvg,1.0,0.1,14,0.63475,0.52662
FedAvg,1.0,0.1,15,0.63125,0.53062
FedAvg,1.0,0.1,16,0.63436,0.50555
FedAvg,1.0,0.1,17,0.62583,0.52213
FedAvg,1.0,0.1,18,0.64235,0.49909
FedAvg,1.0,0.1,19,0.63277,0.50988
FedAvg,1.0,0.1,20,0.63017,0.51957
FedAvg,1.0,0.1,21,0.6333,0.51959
FedAvg,1.0,0.1,22,0.6271,0.52756
FedAvg,1.0,0.1,23,0.63816,0.48906
FedAvg,1.0,0.1,24,0.64701,0.49307
FedAvg,1.0,0.1,25,0.62984,0.51089
FedAvg,1.0,0.1,26,0.64544,0.49301
FedAvg,1.0,0.1,27,0.64879,0.50021
FedAvg,1.0,0.1,28,0.64846,0.49632
FedAvg,1.0,0.1,29,0.65278,0.49349
FedAvg,1.0,0.1,30,0.64774,0.47298
FedAvg,1.0,0.1,31,0.65064,0.50277
FedAvg,1.0,0.1,32,0.64368,0.49465
FedAvg,1.0,0.1,33,0.65727,0.46267
FedAvg,1.0,0.1,34,0.64859,0.51658
FedAvg,1.0,0.1,35,0.64033,0.51075
FedAvg,1.0,0.1,36,0.65732,0.47882
FedAvg,1.0,0.1,37,0.64946,0.50001
FedAvg,1.0,0.1,38,0.64074,0.50227
FedAvg,1.0,0.1,39,0.648,0.50123
FedAvg,1.0,0.1,40,0.6461,0.49366
FedAvg,1.0,0.3,1,0.50876,0.73579
FedAvg,1.0,0.3,2,0.533,0.69927
FedAvg,1.0,0.3,3,0.53353,0.68289
FedAvg,1.0,0.3,4,0.56413,0.65455
FedAvg,1.0,0.3,5,0.56011,0.61827
FedAvg,1.0,0.3,6,0.56703,0.63536
FedAvg,1.0,0.3,7,0.57944,0.61405
FedAvg,1.0,0.3,8,0.57413,0.61951
FedAvg,1.0,0.3,9,0.56735,0.6316
FedAvg,1.0,0.3,10,0.58482,0.58763
FedAvg,1.0,0.3,11,0.59413,0.59783
FedAvg,1.0,0.3,12,0.58062,0.59039
FedAvg,1.0,0.3,13,0.59324,0.57984
FedAvg,1.0,0.3,14,0.59121,0.56991
FedAvg,1.0,0.3,15,0.60815,0.56529
FedAvg,1.0,0.3,16,0.58982,0.56624
FedAvg,1.0,0.3,17,0.60856,0.5626
FedAvg,1.0,0.3,18,0.61042,0.55754
FedAvg,1.0,0.3,19,0.59526,0.57271
FedAvg,1.0,0.3,20,0.5884,0.57175
FedAvg,1.0,0.3,21,0.60174,0.56536
FedAvg,1.0,0.3,22,0.59837,0.56326
FedAvg,1.0,0.3,23,0.60603,0.55723
FedAvg,1.0,0.3,24,0.60758,0.55312
FedAvg,1.0,0.3,25,0.60221,0.5662
FedAvg,1.0,0.3,26,0.6048,0.54623
FedAvg,1.0,0.3,27,0.60105,0.55957
FedAvg,1.0,0.3,28,0.60441,0.5563
FedAvg,1.0,0.3,29,0.60529,0.55513
FedAvg,1.0,0.3,30,0.60468,0.54154
FedAvg,1.0,0.3,31,0.60817,0.55967
FedAvg,1.0,0.3,32,0.6084,0.54685
FedAvg,1.0,0.3,33,0.60859,0.53874
FedAvg,1.0,0.3,34,0.59464,0.56847
FedAvg,1.0,0.3,35,0.60052,0.56698
FedAvg,1.0,0.3,36,0.59968,0.53443
FedAvg,1.0,0.3,37,0.60001,0.57599
FedAvg,1.0,0.3,38,0.60402,0.54088
FedAvg,1.0,0.3,39,0.60178,0.56289
FedAvg,1.0,0.3,40,0.60938,0.54878
FedAvg,1.0,0.5,1,0.51819,0.73324
FedAvg,1.0,0.5,2,0.51715,0.7264
FedAvg,1.0,0.5,3,0.53409,0.70025
FedAvg,1.0,0.5,4,0.53622,0.67139
FedAvg,1.0,0.5,5,0.53428,0.68764
FedAvg,1.0,0.5,6,0.53778,0.68219
FedAvg,1.0,0.5,7,0.54692,0.6644
FedAvg,1.0,0.5,8,0.54531,0.6801
FedAvg,1.0,0.5,9,0.55682,0.63385
FedAvg,1.0,0.5,10,0.55233,0.66607
FedAvg,1.0,0.5,11,0.5518,0.64774
FedAvg,1.0,0.5,12,0.56153,0.62384
FedAvg,1.0,0.5,13,0.55018,0.64016
FedAvg,1.0,0.5,14,0.56066,0.63372
FedAvg,1.0,0.5,15,0.56434,0.6165
FedAvg,1.0,0.5,16,0.56574,0.61881
FedAvg,1.0,0.5,17,0.5627,0.61746
FedAvg,1.0,0.5,18,0.56073,0.62588
FedAvg,1.0,0.5,19,0.55649,0.6181
FedAvg,1.0,0.5,20,0.56338,0.59962
FedAvg,1.0,0.5,21,0.56119,0.59681
FedAvg,1.0,0.5,22,0.56011,0.62374
FedAvg,1.0,0.5,23,0.56795,0.60623
FedAvg,1.0,0.5,24,0.56345,0.59864
FedAvg,1.0,0.5,25,0.57607,0.60008
FedAvg,1.0,0.5,26,0.57188,0.59176
FedAvg,1.0,0.5,27,0.56439,0.5927
FedAvg,1.0,0.5,28,0.57035,0.61176
FedAvg,1.0,0.5,29,0.55442,0.62406
FedAvg,1.0,0.5,30,0.56971,0.58545
FedAvg,1.0,0.5,31,0.55508,0.61282
FedAvg,1.0,0.5,32,0.56234,0.59919
FedAvg,1.0,0.5,33,0.56638,0.60998
FedAvg,1.0,0.5,34,0.57006,0.6093
FedAvg,1.0,0.5,35,0.57533,0.60649
FedAvg,1.0,0.5,36,0.55849,0.61332
FedAvg,1.0,0.5,37,0.56005,0.6054
FedAvg,1.0,0.5,38,0.56596,0.60792
FedAvg,1.0,0.5,39,0.56942,0.58712
FedAvg,1.0,0.5,40,0.55908,0.61721
FedAvg,2.0,0.1,1,0.53223,0.7034
FedAvg,2.0,0.1,2,0.56182,0.6503
FedAvg,2.0,0.1,3,0.59118,0.61415
FedAvg,2.0,0.1,4,0.60776,0.57535
FedAvg,2.0,0.1,5,0.62559,0.5253
FedAvg,2.0,0.1,6,0.63654,0.53362
FedAvg,2.0,0.1,7,0.64699,0.5172
FedAvg,2.0,0.1,8,0.6686,0.46826
FedAvg,2.0,0.1,9,0.67628,0.46563
FedAvg,2.0,0.1,10,0.68921,0.45462
FedAvg,2.0,0.1,11,0.69369,0.43184
FedAvg,2.0,0.1,12,0.69946,0.43002
FedAvg,2.0,0.1,13,0.71026,0.41711
FedAvg,2.0,0.1,14,0.70628,0.40502
FedAvg,2.0,0.1,15,0.71247,0.40147
FedAvg,2.0,0.1,16,0.71156,0.4081
FedAvg,2.0,0.1,17,0.71831,0.4001
FedAvg,2.0,0.1,18,0.72701,0.38209
FedAvg,2.0,0.1,19,0.74006,0.36417
FedAvg,2.0,0.1,20,0.73466,0.37568
FedAvg,2.0,0.1,21,0.73641,0.34783
FedAvg,2.0,0.1,22,0.72664,0.38739
FedAvg,2.0,0.1,23,0.736,0.39488
FedAvg,2.0,0.1,24,0.73538,0.38491
FedAvg,2.0,0.1,25,0.73895,0.37635
FedAvg,2.0,0.1,26,0.7382,0.36617
FedAvg,2.0,0.1,27,0.73887,0.35584
FedAvg,2.0,0.1,28,0.74349,0.34984
FedAvg,2.0,0.1,29,0.7384,0.38823
FedAvg,2.0,0.1,30,0.73599,0.37047
FedAvg,2.0,0.1,31,0.74468,0.35828
FedAvg,2.0,0.1,32,0.73318,0.37662
FedAvg,2.0,0.1,33,0.74179,0.36902
FedAvg,2.0,0.1,34,0.7339,0.39043
FedAvg,2.0,0.1,35,0.74874,0.35226
FedAvg,2.0,0.1,36,0.74053,0.35925
FedAvg,2.0,0.1,37,0.74755,0.34661
FedAvg,2.0,0.1,38,0.74324,0.35487
FedAvg,2.0,0.1,39,0.73514,0.37816
FedAvg,2.0,0.1,40,0.74741,0.35368
FedAvg,2.0,0.3,1,0.52379,0.72645
FedAvg,2.0,0.3,2,0.55154,0.6754
FedAvg,2.0,0.3,3,0.58161,0.63532
FedAvg,2.0,0.3,4,0.58712,0.6338
FedAvg,2.0,0.3,5,0.60555,0.58844
FedAvg,2.0,0.3,6,0.6148,0.56322
FedAvg,2.0,0.3,7,0.61951,0.57155
FedAvg,2.0,0.3,8,0.64796,0.49878
FedAvg,2.0,0.3,9,0.63912,0.50457
FedAvg,2.0,0.3,10,0.66243,0.48139
FedAvg,2.0,0.3,11,0.66123,0.48268
FedAvg,2.0,0.3,12,0.66621,0.46634
FedAvg,2.0,0.3,13,0.67169,0.45379
FedAvg,2.0,0.3,14,0.67508,0.46532
FedAvg,2.0,0.3,15,0.68173,0.44959
FedAvg,2.0,0.3,16,0.67643,0.46003
FedAvg,2.0,0.3,17,0.68148,0.46628
FedAvg,2.0,0.3,18,0.69117,0.43525
FedAvg,2.0,0.3,19,0.6856,0.4366
FedAvg,2.0,0.3,20,0.68442,0.44127
FedAvg,2.0,0.3,21,0.6932,0.43725
FedAvg,2.0,0.3,22,0.69604,0.44875
FedAvg,2.0,0.3,23,0.68942,0.43684
FedAvg,2.0,0.3,24,0.7113,0.38714
FedAvg,2.0,0.3,25,0.69217,0.43407
FedAvg,2.0,0.3,26,0.69688,0.42966
FedAvg,2.0,0.3,27,0.69508,0.43159
FedAvg,2.0,0.3,28,0.69732,0.43237
FedAvg,2.0,0.3,29,0.68606,0.43144
FedAvg,2.0,0.3,30,0.69776,0.41348
FedAvg,2.0,0.3,31,0.69182,0.4383
FedAvg,2.0,0.3,32,0.69445,0.43461
FedAvg,2.0,0.3,33,0.70306,0.41921
FedAvg,2.0,0.3,34,0.70183,0.41676
FedAvg,2.0,0.3,35,0.6905,0.43332
FedAvg,2.0,0.3,36,0.70182,0.41243
FedAvg,2.0,0.3,37,0.69863,0.42965
FedAvg,2.0,0.3,38,0.69406,0.43491
FedAvg,2.0,0.3,39,0.7106,0.39979
FedAvg,2.0,0.3,40,0.70038,0.41811
FedAvg,2.0,0.5,1,0.53153,0.71067
FedAvg,2.0,0.5,2,0.54686,0.67195
FedAvg,2.0,0.5,3,0.55788,0.65712
FedAvg,2.0,0.5,4,0.56153,0.66119
FedAvg,2.0,0.5,5,0.58982,0.58511
FedAvg,2.0,0.5,6,0.59942,0.5839
FedAvg,2.0,0.5,7,0.6067,0.57528
FedAvg,2.0,0.5,8,0.60282,0.57201
FedAvg,2.0,0.5,9,0.62748,0.53134
FedAvg,2.0,0.5,10,0.61816,0.53436
FedAvg,2.0,0.5,11,0.62195,0.54415
FedAvg,2.0,0.5,12,0.64371,0.51302
FedAvg,2.0,0.5,13,0.63871,0.53668
FedAvg,2.0,0.5,14,0.63729,0.5084
FedAvg,2.0,0.5,15,0.64631,0.50698
FedAvg,2.0,0.5,16,0.6394,0.49859
FedAvg,2.0,0.5,17,0.64925,0.4982
FedAvg,2.0,0.5,18,0.64141,0.50404
FedAvg,2.0,0.5,19,0.64749,0.50159
FedAvg,2.0,0.5,20,0.65133,0.49026
FedAvg,2.0,0.5,21,0.65102,0.50167
FedAvg,2.0,0.5,22,0.66244,0.47112
FedAvg,2.0,0.5,23,0.66,0.47033
FedAvg,2.0,0.5,24,0.65606,0.49065
FedAvg,2.0,0.5,25,0.66532,0.46613
FedAvg,2.0,0.5,26,0.65632,0.48433
FedAvg,2.0,0.5,27,0.64822,0.49369
FedAvg,2.0,0.5,28,0.65355,0.48965
FedAvg,2.0,0.5,29,0.65116,0.46939
FedAvg,2.0,0.5,30,0.65845,0.48144
FedAvg,2.0,0.5,31,0.65518,0.49221
FedAvg,2.0,0.5,32,0.65704,0.47457
FedAvg,2.0,0.5,33,0.66173,0.45832
FedAvg,2.0,0.5,34,0.65496,0.48321
FedAvg,2.0,0.5,35,0.66425,0.46873
FedAvg,2.0,0.5,36,0.66113,0.46814
FedAvg,2.0,0.5,37,0.66119,0.4912
FedAvg,2.0,0.5,38,0.65535,0.50638
FedAvg,2.0,0.5,39,0.65568,0.4824
FedAvg,2.0,0.5,40,0.66064,0.48549
FedProx,0.5,0.1,1,0.5406,0.67434
FedProx,0.5,0.1,2,0.56299,0.66516
FedProx,0.5,0.1,3,0.57295,0.66366
FedProx,0.5,0.1,4,0.579,0.62627
FedProx,0.5,0.1,5,0.5908,0.60643
FedProx,0.5,0.1,6,0.60169,0.57123
FedProx,0.5,0.1,7,0.59509,0.55501
FedProx,0.5,0.1,8,0.60712,0.56595
FedProx,0.5,0.1,9,0.61206,0.58175
FedProx,0.5,0.1,10,0.61019,0.55805
FedProx,0.5,0.1,11,0.61045,0.54991
FedProx,0.5,0.1,12,0.61248,0.56017
FedProx,0.5,0.1,13,0.61892,0.54396
FedProx,0.5,0.1,14,0.61978,0.54995
FedProx,0.5,0.1,15,0.62563,0.5301
FedProx,0.5,0.1,16,0.62826,0.52535
FedProx,0.5,0.1,17,0.61875,0.55389
FedProx,0.5,0.1,18,0.62968,0.51375
FedProx,0.5,0.1,19,0.63442,0.5195
FedProx,0.5,0.1,20,0.61948,0.55252
FedProx,0.5,0.1,21,0.63166,0.52779
FedProx,0.5,0.1,22,0.63154,0.51713
FedProx,0.5,0.1,23,0.62167,0.5418
FedProx,0.5,0.1,24,0.63167,0.51491
FedProx,0.5,0.1,25,0.63405,0.51494
FedProx,0.5,0.1,26,0.6364,0.50693
FedProx,0.5,0.1,27,0.63247,0.49454
FedProx,0.5,0.1,28,0.63045,0.52533
FedProx,0.5,0.1,29,0.64127,0.49963
FedProx,0.5,0.1,30,0.63275,0.5309
FedProx,0.5,0.1,31,0.63172,0.52372
FedProx,0.5,0.1,32,0.64392,0.4996
FedProx,0.5,0.1,33,0.64136,0.49559
FedProx,0.5,0.1,34,0.63538,0.51022
FedProx,0.5,0.1,35,0.63493,0.52285
FedProx,0.5,0.1,36,0.64868,0.48559
FedProx,0.5,0.1,37,0.63098,0.52195
FedProx,0.5,0.1,38,0.62817,0.52583
FedProx,0.5,0.1,39,0.638,0.50429
FedProx,0.5,0.1,40,0.63781,0.4918
FedProx,0.5,0.3,1,0.54737,0.67041
FedProx,0.5,0.3,2,0.54543,0.67622
FedProx,0.5,0.3,3,0.55312,0.6737
FedProx,0.5,0.3,4,0.56115,0.64475
FedProx,0.5,0.3,5,0.5684,0.64992
FedProx,0.5,0.3,6,0.56906,0.63295
FedProx,0.5,0.3,7,0.57985,0.61349
FedProx,0.5,0.3,8,0.56765,0.64985
FedProx,0.5,0.3,9,0.59116,0.56962
FedProx,0.5,0.3,10,0.5799,0.60718
FedProx,0.5,0.3,11,0.58787,0.59661
FedProx,0.5,0.3,12,0.58212,0.58574
FedProx,0.5,0.3,13,0.58584,0.59994
FedProx,0.5,0.3,14,0.57996,0.5863
FedProx,0.5,0.3,15,0.58745,0.56559
FedProx,0.5,0.3,16,0.587,0.58027
FedProx,0.5,0.3,17,0.59211,0.56963
FedProx,0.5,0.3,18,0.58484,0.58215
FedProx,0.5,0.3,19,0.59047,0.57093
FedProx,0.5,0.3,20,0.59139,0.58324
FedProx,0.5,0.3,21,0.59891,0.58178
FedProx,0.5,0.3,22,0.58751,0.57607
FedProx,0.5,0.3,23,0.57768,0.61266
FedProx,0.5,0.3,24,0.58854,0.57781
FedProx,0.5,0.3,25,0.5963,0.55342
FedProx,0.5,0.3,26,0.59619,0.56667
FedProx,0.5,0.3,27,0.58266,0.58859
FedProx,0.5,0.3,28,0.60096,0.54118
FedProx,0.5,0.3,29,0.59879,0.56483
FedProx,0.5,0.3,30,0.59694,0.56962
FedProx,0.5,0.3,31,0.60203,0.55571
FedProx,0.5,0.3,32,0.59955,0.55722
FedProx,0.5,0.3,33,0.59877,0.55419
FedProx,0.5,0.3,34,0.59383,0.58647
FedProx,0.5,0.3,35,0.59722,0.56276
FedProx,0.5,0.3,36,0.58774,0.56966
FedProx,0.5,0.3,37,0.59582,0.57559
FedProx,0.5,0.3,38,0.59726,0.56938
FedProx,0.5,0.3,39,0.59449,0.58149
FedProx,0.5,0.3,40,0.59243,0.56533
FedProx,0.5,0.5,1,0.54293,0.69272
FedProx,0.5,0.5,2,0.5382,0.68615
FedProx,0.5,0.5,3,0.5403,0.68929
FedProx,0.5,0.5,4,0.54568,0.65829
FedProx,0.5,0.5,5,0.5476,0.66501
FedProx,0.5,0.5,6,0.54034,0.67723
FedProx,0.5,0.5,7,0.54579,0.65514
FedProx,0.5,0.5,8,0.55322,0.65834
FedProx,0.5,0.5,9,0.54517,0.65823
FedProx,0.5,0.5,10,0.54479,0.6753
FedProx,0.5,0.5,11,0.54773,0.65806
FedProx,0.5,0.5,12,0.54737,0.65304
FedProx,0.5,0.5,13,0.56505,0.5933
FedProx,0.5,0.5,14,0.54956,0.64413
FedProx,0.5,0.5,15,0.55198,0.62795
FedProx,0.5,0.5,16,0.56577,0.61516
FedProx,0.5,0.5,17,0.54327,0.65356
FedProx,0.5,0.5,18,0.54305,0.65611
FedProx,0.5,0.5,19,0.55012,0.63551
FedProx,0.5,0.5,20,0.56134,0.61899
FedProx,0.5,0.5,21,0.54559,0.62242
FedProx,0.5,0.5,22,0.56117,0.62456
FedProx,0.5,0.5,23,0.5493,0.642
FedProx,0.5,0.5,24,0.55728,0.6284
FedProx,0.5,0.5,25,0.54084,0.64164
FedProx,0.5,0.5,26,0.55987,0.62511
FedProx,0.5,0.5,27,0.55983,0.59306
FedProx,0.5,0.5,28,0.55561,0.62827
FedProx,0.5,0.5,29,0.56996,0.59356
FedProx,0.5,0.5,30,0.55272,0.62746
FedProx,0.5,0.5,31,0.56005,0.61229
FedProx,0.5,0.5,32,0.56165,0.6065
FedProx,0.5,0.5,33,0.5564,0.61636
FedProx,0.5,0.5,34,0.55578,0.61553
FedProx,0.5,0.5,35,0.54526,0.64801
FedProx,0.5,0.5,36,0.55669,0.61544
FedProx,0.5,0.5,37,0.55609,0.63172
FedProx,0.5,0.5,38,0.54904,0.63055
FedProx,0.5,0.5,39,0.55815,0.62411
FedProx,0.5,0.5,40,0.55291,0.60508
FedProx,1.0,0.1,1,0.56156,0.66929
FedProx,1.0,0.1,2,0.57079,0.64349
FedProx,1.0,0.1,3,0.58675,0.61378
FedProx,1.0,0.1,4,0.59159,0.59872
FedProx,1.0,0.1,5,0.60508,0.57662
FedProx,1.0,0.1,6,0.61122,0.57663
FedProx,1.0,0.1,7,0.61858,0.56317
FedProx,1.0,0.1,8,0.62755,0.54461
FedProx,1.0,0.1,9,0.64813,0.51174
FedProx,1.0,0.1,10,0.64095,0.51802
FedProx,1.0,0.1,11,0.65095,0.48426
FedProx,1.0,0.1,12,0.65053,0.50213
FedProx,1.0,0.1,13,0.65494,0.49366
FedProx,1.0,0.1,14,0.66528,0.48479
FedProx,1.0,0.1,15,0.66901,0.47666
FedProx,1.0,0.1,16,0.66421,0.47636
FedProx,1.0,0.1,17,0.66636,0.46956
FedProx,1.0,0.1,18,0.66869,0.45146
FedProx,1.0,0.1,19,0.66932,0.46695
FedProx,1.0,0.1,20,0.66682,0.46989
FedProx,1.0,0.1,21,0.67693,0.45386
FedProx,1.0,0.1,22,0.68732,0.41448
FedProx,1.0,0.1,23,0.67451,0.43986
FedProx,1.0,0.1,24,0.68239,0.4733
FedProx,1.0,0.1,25,0.66217,0.47607
FedProx,1.0,0.1,26,0.68088,0.44533
FedProx,1.0,0.1,27,0.68159,0.42474
FedProx,1.0,0.1,28,0.68383,0.44756
FedProx,1.0,0.1,29,0.67924,0.44424
FedProx,1.0,0.1,30,0.68327,0.43949
FedProx,1.0,0.1,31,0.68107,0.4422
FedProx,1.0,0.1,32,0.6665,0.46728
FedProx,1.0,0.1,33,0.68141,0.45417
FedProx,1.0,0.1,34,0.67513,0.455
FedProx,1.0,0.1,35,0.68426,0.44395
FedProx,1.0,0.1,36,0.68816,0.45689
FedProx,1.0,0.1,37,0.67538,0.43561
FedProx,1.0,0.1,38,0.68608,0.45509
FedProx,1.0,0.1,39,0.68657,0.44721
FedProx,1.0,0.1,40,0.6774,0.44473
FedProx,1.0,0.3,1,0.55422,0.66716
FedProx,1.0,0.3,2,0.55009,0.66528
FedProx,1.0,0.3,3,0.58644,0.6377
FedProx,1.0,0.3,4,0.57651,0.61994
FedProx,1.0,0.3,5,0.58996,0.59642
FedProx,1.0,0.3,6,0.60335,0.5805
FedProx,1.0,0.3,7,0.59499,0.6027
FedProx,1.0,0.3,8,0.60323,0.57733
FedProx,1.0,0.3,9,0.61121,0.55826
FedProx,1.0,0.3,10,0.61719,0.54387
FedProx,1.0,0.3,11,0.60762,0.54019
FedProx,1.0,0.3,12,0.61408,0.54395
FedProx,1.0,0.3,13,0.62414,0.53654
FedProx,1.0,0.3,14,0.62988,0.52787
FedProx,1.0,0.3,15,0.62375,0.52706
FedProx,1.0,0.3,16,0.61751,0.54023
FedProx,1.0,0.3,17,0.63463,0.52242
FedProx,1.0,0.3,18,0.63228,0.51793
FedProx,1.0,0.3,19,0.63976,0.50873
FedProx,1.0,0.3,20,0.63955,0.51414
FedProx,1.0,0.3,21,0.63725,0.52412
FedProx,1.0,0.3,22,0.63328,0.51261
FedProx,1.0,0.3,23,0.63251,0.50894
FedProx,1.0,0.3,24,0.64726,0.51354
FedProx,1.0,0.3,25,0.63855,0.51355
FedProx,1.0,0.3,26,0.64588,0.50543
FedProx,1.0,0.3,27,0.64643,0.48375
FedProx,1.0,0.3,28,0.63569,0.51577
FedProx,1.0,0.3,29,0.64841,0.49431
FedProx,1.0,0.3,30,0.63489,0.50852
FedProx,1.0,0.3,31,0.63629,0.5014
FedProx,1.0,0.3,32,0.64945,0.48521
FedProx,1.0,0.3,33,0.64072,0.52521
FedProx,1.0,0.3,34,0.64785,0.4969
FedProx,1.0,0.3,35,0.63719,0.51249
FedProx,1.0,0.3,36,0.65069,0.49565
FedProx,1.0,0.3,37,0.64863,0.49325
FedProx,1.0,0.3,38,0.64423,0.49636
FedProx,1.0,0.3,39,0.64377,0.51199
FedProx,1.0,0.3,40,0.63268,0.51385
FedProx,1.0,0.5,1,0.54512,0.6833
FedProx,1.0,0.5,2,0.54939,0.68412
FedProx,1.0,0.5,3,0.56981,0.64804
FedProx,1.0,0.5,4,0.56547,0.62716
FedProx,1.0,0.5,5,0.58005,0.61857
FedProx,1.0,0.5,6,0.5726,0.61315
FedProx,1.0,0.5,7,0.57622,0.60492
FedProx,1.0,0.5,8,0.58026,0.61195
FedProx,1.0,0.5,9,0.58286,0.60388
FedProx,1.0,0.5,10,0.58004,0.61711
FedProx,1.0,0.5,11,0.58338,0.57801
FedProx,1.0,0.5,12,0.58805,0.58034
FedProx,1.0,0.5,13,0.58474,0.58759
FedProx,1.0,0.5,14,0.59396,0.56514
FedProx,1.0,0.5,15,0.59262,0.592
FedProx,1.0,0.5,16,0.59861,0.56686
FedProx,1.0,0.5,17,0.59621,0.5697
FedProx,1.0,0.5,18,0.59597,0.57783
FedProx,1.0,0.5,19,0.59641,0.54522
FedProx,1.0,0.5,20,0.59745,0.55836
FedProx,1.0,0.5,21,0.60202,0.55428
FedProx,1.0,0.5,22,0.59946,0.58531
FedProx,1.0,0.5,23,0.59269,0.56141
FedProx,1.0,0.5,24,0.59086,0.55096
FedProx,1.0,0.5,25,0.58836,0.58178
FedProx,1.0,0.5,26,0.59607,0.54842
FedProx,1.0,0.5,27,0.59123,0.57984
FedProx,1.0,0.5,28,0.59567,0.56359
FedProx,1.0,0.5,29,0.60248,0.57114
FedProx,1.0,0.5,30,0.6123,0.55402
FedProx,1.0,0.5,31,0.60165,0.56033
FedProx,1.0,0.5,32,0.61171,0.55858
FedProx,1.0,0.5,33,0.59914,0.56639
FedProx,1.0,0.5,34,0.60281,0.55711
FedProx,1.0,0.5,35,0.59816,0.54976
FedProx,1.0,0.5,36,0.59802,0.54772
FedProx,1.0,0.5,37,0.60863,0.55363
FedProx,1.0,0.5,38,0.5941,0.58252
FedProx,1.0,0.5,39,0.60673,0.53175
FedProx,1.0,0.5,40,0.61246,0.55088
FedProx,2.0,0.1,1,0.57864,0.62978
FedProx,2.0,0.1,2,0.59663,0.61434
FedProx,2.0,0.1,3,0.6183,0.57557
FedProx,2.0,0.1,4,0.64397,0.51783
FedProx,2.0,0.1,5,0.64809,0.5086
FedProx,2.0,0.1,6,0.66775,0.48506
FedProx,2.0,0.1,7,0.68684,0.46369
FedProx,2.0,0.1,8,0.69659,0.43766
FedProx,2.0,0.1,9,0.70399,0.44103
FedProx,2.0,0.1,10,0.72012,0.4077
FedProx,2.0,0.1,11,0.72135,0.41857
FedProx,2.0,0.1,12,0.72646,0.40069
FedProx,2.0,0.1,13,0.7428,0.36721
FedProx,2.0,0.1,14,0.74593,0.35305
FedProx,2.0,0.1,15,0.75148,0.35732
FedProx,2.0,0.1,16,0.73974,0.3775
FedProx,2.0,0.1,17,0.74726,0.37225
FedProx,2.0,0.1,18,0.75145,0.35119
FedProx,2.0,0.1,19,0.75976,0.33724
FedProx,2.0,0.1,20,0.76183,0.33159
FedProx,2.0,0.1,21,0.76622,0.33055
FedProx,2.0,0.1,22,0.76512,0.30409
FedProx,2.0,0.1,23,0.77228,0.32155
FedProx,2.0,0.1,24,0.75587,0.34484
FedProx,2.0,0.1,25,0.77047,0.33388
FedProx,2.0,0.1,26,0.76213,0.35009
FedProx,2.0,0.1,27,0.7685,0.34944
FedProx,2.0,0.1,28,0.7693,0.33099
FedProx,2.0,0.1,29,0.7686,0.31384
FedProx,2.0,0.1,30,0.77793,0.32087
FedProx,2.0,0.1,31,0.78106,0.31588
FedProx,2.0,0.1,32,0.7688,0.30775
FedProx,2.0,0.1,33,0.7687,0.31768
FedProx,2.0,0.1,34,0.76802,0.33112
FedProx,2.0,0.1,35,0.77515,0.31255
FedProx,2.0,0.1,36,0.77446,0.3147
FedProx,2.0,0.1,37,0.7749,0.323
FedProx,2.0,0.1,38,0.77956,0.30205
FedProx,2.0,0.1,39,0.76492,0.34365
FedProx,2.0,0.1,40,0.77478,0.32659
FedProx,2.0,0.3,1,0.55119,0.67722
FedProx,2.0,0.3,2,0.58387,0.61356
FedProx,2.0,0.3,3,0.60031,0.60629
FedProx,2.0,0.3,4,0.62702,0.57245
FedProx,2.0,0.3,5,0.63027,0.53347
FedProx,2.0,0.3,6,0.65154,0.52322
FedProx,2.0,0.3,7,0.66085,0.48439
FedProx,2.0,0.3,8,0.67419,0.4837
FedProx,2.0,0.3,9,0.68135,0.45833
FedProx,2.0,0.3,10,0.68727,0.46059
FedProx,2.0,0.3,11,0.68855,0.43052
FedProx,2.0,0.3,12,0.69949,0.43677
FedProx,2.0,0.3,13,0.70248,0.4352
FedProx,2.0,0.3,14,0.70312,0.42331
FedProx,2.0,0.3,15,0.70851,0.4212
FedProx,2.0,0.3,16,0.72312,0.39155
FedProx,2.0,0.3,17,0.72867,0.40074
FedProx,2.0,0.3,18,0.72352,0.39781
FedProx,2.0,0.3,19,0.73151,0.37831
FedProx,2.0,0.3,20,0.72205,0.38218
FedProx,2.0,0.3,21,0.72716,0.39863
FedProx,2.0,0.3,22,0.72891,0.38655
FedProx,2.0,0.3,23,0.72572,0.38811
FedProx,2.0,0.3,24,0.71942,0.4054
FedProx,2.0,0.3,25,0.72643,0.37378
FedProx,2.0,0.3,26,0.72518,0.3781
FedProx,2.0,0.3,27,0.73551,0.38226
FedProx,2.0,0.3,28,0.72283,0.3985
FedProx,2.0,0.3,29,0.73683,0.36369
FedProx,2.0,0.3,30,0.72304,0.3812
FedProx,2.0,0.3,31,0.72855,0.38425
FedProx,2.0,0.3,32,0.73055,0.35763
FedProx,2.0,0.3,33,0.7344,0.3571
FedProx,2.0,0.3,34,0.73869,0.35428
FedProx,2.0,0.3,35,0.72933,0.37085
FedProx,2.0,0.3,36,0.73043,0.39078
FedProx,2.0,0.3,37,0.73897,0.37181
FedProx,2.0,0.3,38,0.73592,0.35453
FedProx,2.0,0.3,39,0.73101,0.37133
FedProx,2.0,0.3,40,0.72838,0.38558
FedProx,2.0,0.5,1,0.55139,0.67314
FedProx,2.0,0.5,2,0.5677,0.63004
FedProx,2.0,0.5,3,0.5933,0.62217
FedProx,2.0,0.5,4,0.60448,0.57829
FedProx,2.0,0.5,5,0.59913,0.59281
FedProx,2.0,0.5,6,0.63303,0.5427
FedProx,2.0,0.5,7,0.64032,0.54093
FedProx,2.0,0.5,8,0.64936,0.50613
FedProx,2.0,0.5,9,0.65574,0.50681
FedProx,2.0,0.5,10,0.64614,0.50622
FedProx,2.0,0.5,11,0.65198,0.49906
FedProx,2.0,0.5,12,0.66848,0.46469
FedProx,2.0,0.5,13,0.65658,0.50355
FedProx,2.0,0.5,14,0.67458,0.47881
FedProx,2.0,0.5,15,0.66733,0.48375
FedProx,2.0,0.5,16,0.69028,0.46011
FedProx,2.0,0.5,17,0.67881,0.45795
FedProx,2.0,0.5,18,0.68109,0.46132
FedProx,2.0,0.5,19,0.68994,0.43919
FedProx,2.0,0.5,20,0.67702,0.46326
FedProx,2.0,0.5,21,0.68364,0.4524
FedProx,2.0,0.5,22,0.68915,0.45421
FedProx,2.0,0.5,23,0.69536,0.4244
FedProx,2.0,0.5,24,0.69147,0.45168
FedProx,2.0,0.5,25,0.68689,0.44452
FedProx,2.0,0.5,26,0.69789,0.43711
FedProx,2.0,0.5,27,0.69441,0.41601
FedProx,2.0,0.5,28,0.68422,0.44578
FedProx,2.0,0.5,29,0.69453,0.45419
FedProx,2.0,0.5,30,0.6874,0.44993
FedProx,2.0,0.5,31,0.69751,0.40757
FedProx,2.0,0.5,32,0.68825,0.4388
FedProx,2.0,0.5,33,0.69044,0.43244
FedProx,2.0,0.5,34,0.69643,0.41743
FedProx,2.0,0.5,35,0.69659,0.41887
FedProx,2.0,0.5,36,0.69068,0.43881
FedProx,2.0,0.5,37,0.69064,0.43631
FedProx,2.0,0.5,38,0.7038,0.41525
FedProx,2.0,0.5,39,0.69343,0.43681
FedProx,2.0,0.5,40,0.6922,0.44197
FedNova,0.5,0.1,1,0.57453,0.6545
FedNova,0.5,0.1,2,0.58989,0.61239
FedNova,0.5,0.1,3,0.613,0.57387
FedNova,0.5,0.1,4,0.62119,0.57252
FedNova,0.5,0.1,5,0.62663,0.54421
FedNova,0.5,0.1,6,0.63147,0.55794
FedNova,0.5,0.1,7,0.62917,0.54195
FedNova,0.5,0.1,8,0.64951,0.51359
FedNova,0.5,0.1,9,0.63655,0.52108
FedNova,0.5,0.1,10,0.64554,0.51583
FedNova,0.5,0.1,11,0.64725,0.52536
FedNova,0.5,0.1,12,0.64713,0.51129
FedNova,0.5,0.1,13,0.66041,0.4764
FedNova,0.5,0.1,14,0.66013,0.5038
FedNova,0.5,0.1,15,0.64774,0.49067
FedNova,0.5,0.1,16,0.65136,0.47707
FedNova,0.5,0.1,17,0.66183,0.46141
FedNova,0.5,0.1,18,0.66344,0.49146
FedNova,0.5,0.1,19,0.65192,0.48918
FedNova,0.5,0.1,20,0.65113,0.50063
FedNova,0.5,0.1,21,0.65911,0.47846
FedNova,0.5,0.1,22,0.66465,0.47834
FedNova,0.5,0.1,23,0.66294,0.47502
FedNova,0.5,0.1,24,0.66235,0.47648
FedNova,0.5,0.1,25,0.65913,0.48016
FedNova,0.5,0.1,26,0.65504,0.48006
FedNova,0.5,0.1,27,0.67854,0.45262
FedNova,0.5,0.1,28,0.65985,0.48034
FedNova,0.5,0.1,29,0.66189,0.45821
FedNova,0.5,0.1,30,0.66358,0.47955
FedNova,0.5,0.1,31,0.67055,0.46131
FedNova,0.5,0.1,32,0.6629,0.46208
FedNova,0.5,0.1,33,0.67675,0.45581
FedNova,0.5,0.1,34,0.6631,0.45126
FedNova,0.5,0.1,35,0.66074,0.50034
FedNova,0.5,0.1,36,0.66219,0.47271
FedNova,0.5,0.1,37,0.67046,0.46026
FedNova,0.5,0.1,38,0.66763,0.45201
FedNova,0.5,0.1,39,0.66308,0.48895
FedNova,0.5,0.1,40,0.66492,0.47789
FedNova,0.5,0.3,1,0.56717,0.65588
FedNova,0.5,0.3,2,0.58534,0.63711
FedNova,0.5,0.3,3,0.58269,0.63075
FedNova,0.5,0.3,4,0.59671,0.59284
FedNova,0.5,0.3,5,0.60161,0.58002
FedNova,0.5,0.3,6,0.59779,0.59034
FedNova,0.5,0.3,7,0.58964,0.59749
FedNova,0.5,0.3,8,0.60287,0.56249
FedNova,0.5,0.3,9,0.6089,0.57372
FedNova,0.5,0.3,10,0.61129,0.57313
FedNova,0.5,0.3,11,0.60875,0.54891
FedNova,0.5,0.3,12,0.62676,0.53906
FedNova,0.5,0.3,13,0.62466,0.52821
FedNova,0.5,0.3,14,0.62516,0.53703
FedNova,0.5,0.3,15,0.62541,0.53316
FedNova,0.5,0.3,16,0.62979,0.51924
FedNova,0.5,0.3,17,0.61768,0.527
FedNova,0.5,0.3,18,0.63123,0.51463
FedNova,0.5,0.3,19,0.61871,0.52945
FedNova,0.5,0.3,20,0.62291,0.51963
FedNova,0.5,0.3,21,0.62438,0.52347
FedNova,0.5,0.3,22,0.62329,0.5212
FedNova,0.5,0.3,23,0.62723,0.52025
FedNova,0.5,0.3,24,0.62807,0.52582
FedNova,0.5,0.3,25,0.62974,0.49877
FedNova,0.5,0.3,26,0.62477,0.51939
FedNova,0.5,0.3,27,0.63287,0.49997
FedNova,0.5,0.3,28,0.62416,0.5248
FedNova,0.5,0.3,29,0.62662,0.53401
FedNova,0.5,0.3,30,0.62614,0.53424
FedNova,0.5,0.3,31,0.62015,0.51471
FedNova,0.5,0.3,32,0.63639,0.51433
FedNova,0.5,0.3,33,0.63212,0.51708
FedNova,0.5,0.3,34,0.63219,0.50348
FedNova,0.5,0.3,35,0.63507,0.50621
FedNova,0.5,0.3,36,0.63537,0.51191
FedNova,0.5,0.3,37,0.61768,0.52286
FedNova,0.5,0.3,38,0.63634,0.50817
FedNova,0.5,0.3,39,0.62726,0.52464
FedNova,0.5,0.3,40,0.62712,0.51691
FedNova,0.5,0.5,1,0.57306,0.65182
FedNova,0.5,0.5,2,0.58369,0.62951
FedNova,0.5,0.5,3,0.58776,0.63574
FedNova,0.5,0.5,4,0.58843,0.62242
FedNova,0.5,0.5,5,0.58037,0.62012
FedNova,0.5,0.5,6,0.58,0.60812
FedNova,0.5,0.5,7,0.58158,0.60346
FedNova,0.5,0.5,8,0.59279,0.59657
FedNova,0.5,0.5,9,0.58114,0.5858
FedNova,0.5,0.5,10,0.58425,0.59416
FedNova,0.5,0.5,11,0.57872,0.59272
FedNova,0.5,0.5,12,0.57232,0.61699
FedNova,0.5,0.5,13,0.58594,0.61651
FedNova,0.5,0.5,14,0.58659,0.58695
FedNova,0.5,0.5,15,0.59584,0.57565
FedNova,0.5,0.5,16,0.58852,0.5798
FedNova,0.5,0.5,17,0.58419,0.60366
FedNova,0.5,0.5,18,0.59409,0.59117
FedNova,0.5,0.5,19,0.58622,0.58462
FedNova,0.5,0.5,20,0.58324,0.59755
FedNova,0.5,0.5,21,0.58035,0.59703
FedNova,0.5,0.5,22,0.59544,0.5839
FedNova,0.5,0.5,23,0.58337,0.59717
FedNova,0.5,0.5,24,0.58484,0.57627
FedNova,0.5,0.5,25,0.58129,0.60004
FedNova,0.5,0.5,26,0.59922,0.55717
FedNova,0.5,0.5,27,0.58485,0.57959
FedNova,0.5,0.5,28,0.60453,0.56526
FedNova,0.5,0.5,29,0.58629,0.56262
FedNova,0.5,0.5,30,0.58556,0.59328
FedNova,0.5,0.5,31,0.60086,0.55719
FedNova,0.5,0.5,32,0.58554,0.57606
FedNova,0.5,0.5,33,0.57842,0.60011
FedNova,0.5,0.5,34,0.58325,0.5948
FedNova,0.5,0.5,35,0.57955,0.57656
FedNova,0.5,0.5,36,0.59155,0.56475
FedNova,0.5,0.5,37,0.59453,0.56823
FedNova,0.5,0.5,38,0.58281,0.59071
FedNova,0.5,0.5,39,0.59493,0.54834
FedNova,0.5,0.5,40,0.60085,0.56411
FedNova,1.0,0.1,1,0.5925,0.60457
FedNova,1.0,0.1,2,0.59936,0.60363
FedNova,1.0,0.1,3,0.62396,0.55243
FedNova,1.0,0.1,4,0.62432,0.54127
FedNova,1.0,0.1,5,0.63882,0.54037
FedNova,1.0,0.1,6,0.63949,0.52623
FedNova,1.0,0.1,7,0.66087,0.51471
FedNova,1.0,0.1,8,0.66899,0.48151
FedNova,1.0,0.1,9,0.66426,0.47923
FedNova,1.0,0.1,10,0.67288,0.47571
FedNova,1.0,0.1,11,0.68144,0.47695
FedNova,1.0,0.1,12,0.68773,0.439
FedNova,1.0,0.1,13,0.69902,0.44187
FedNova,1.0,0.1,14,0.69365,0.43134
FedNova,1.0,0.1,15,0.68471,0.43966
FedNova,1.0,0.1,16,0.70394,0.4139
FedNova,1.0,0.1,17,0.69278,0.4386
FedNova,1.0,0.1,18,0.70411,0.42604
FedNova,1.0,0.1,19,0.7083,0.42751
FedNova,1.0,0.1,20,0.70083,0.43304
FedNova,1.0,0.1,21,0.70126,0.42905
FedNova,1.0,0.1,22,0.70942,0.41265
FedNova,1.0,0.1,23,0.71517,0.40157
FedNova,1.0,0.1,24,0.71693,0.40767
FedNova,1.0,0.1,25,0.71185,0.40004
FedNova,1.0,0.1,26,0.70721,0.40665
FedNova,1.0,0.1,27,0.71112,0.40596
FedNova,1.0,0.1,28,0.73075,0.38489
FedNova,1.0,0.1,29,0.71794,0.38764
FedNova,1.0,0.1,30,0.70947,0.40474
FedNova,1.0,0.1,31,0.71525,0.38935
FedNova,1.0,0.1,32,0.72408,0.38158
FedNova,1.0,0.1,33,0.72116,0.36783
FedNova,1.0,0.1,34,0.71489,0.40265
FedNova,1.0,0.1,35,0.71629,0.40384
FedNova,1.0,0.1,36,0.71701,0.39836
FedNova,1.0,0.1,37,0.70414,0.40756
FedNova,1.0,0.1,38,0.70158,0.4245
FedNova,1.0,0.1,39,0.71761,0.39377
FedNova,1.0,0.1,40,0.71094,0.39919
FedNova,1.0,0.3,1,0.59412,0.63821
FedNova,1.0,0.3,2,0.59414,0.6273
FedNova,1.0,0.3,3,0.59501,0.5882
FedNova,1.0,0.3,4,0.61046,0.57221
FedNova,1.0,0.3,5,0.61775,0.56829
FedNova,1.0,0.3,6,0.64605,0.51636
FedNova,1.0,0.3,7,0.63416,0.53902
FedNova,1.0,0.3,8,0.63889,0.536
FedNova,1.0,0.3,9,0.65434,0.49003
FedNova,1.0,0.3,10,0.64869,0.50546
FedNova,1.0,0.3,11,0.6534,0.48421
FedNova,1.0,0.3,12,0.64382,0.48803
FedNova,1.0,0.3,13,0.66025,0.48858
FedNova,1.0,0.3,14,0.65993,0.46209
FedNova,1.0,0.3,15,0.65935,0.47784
FedNova,1.0,0.3,16,0.65495,0.48136
FedNova,1.0,0.3,17,0.66924,0.47504
FedNova,1.0,0.3,18,0.66634,0.47801
FedNova,1.0,0.3,19,0.6641,0.47601
FedNova,1.0,0.3,20,0.66905,0.47329
FedNova,1.0,0.3,21,0.66935,0.46535
FedNova,1.0,0.3,22,0.66981,0.45922
FedNova,1.0,0.3,23,0.68476,0.44947
FedNova,1.0,0.3,24,0.67458,0.48113
FedNova,1.0,0.3,25,0.68099,0.43335
FedNova,1.0,0.3,26,0.67725,0.46225
FedNova,1.0,0.3,27,0.68482,0.45618
FedNova,1.0,0.3,28,0.67852,0.43985
FedNova,1.0,0.3,29,0.66901,0.46743
FedNova,1.0,0.3,30,0.67756,0.44239
FedNova,1.0,0.3,31,0.67249,0.45557
FedNova,1.0,0.3,32,0.67539,0.45874
FedNova,1.0,0.3,33,0.6735,0.44554
FedNova,1.0,0.3,34,0.68286,0.46067
FedNova,1.0,0.3,35,0.67492,0.46598
FedNova,1.0,0.3,36,0.67836,0.45744
FedNova,1.0,0.3,37,0.6787,0.44267
FedNova,1.0,0.3,38,0.67936,0.45942
FedNova,1.0,0.3,39,0.67063,0.48115
FedNova,1.0,0.3,40,0.68863,0.45448
FedNova,1.0,0.5,1,0.59009,0.63396
FedNova,1.0,0.5,2,0.58328,0.62363
FedNova,1.0,0.5,3,0.58671,0.62034
FedNova,1.0,0.5,4,0.5969,0.60665
FedNova,1.0,0.5,5,0.58982,0.62863
FedNova,1.0,0.5,6,0.61984,0.55938
FedNova,1.0,0.5,7,0.61397,0.56928
FedNova,1.0,0.5,8,0.61483,0.55829
FedNova,1.0,0.5,9,0.61532,0.54886
FedNova,1.0,0.5,10,0.61965,0.54854
FedNova,1.0,0.5,11,0.62271,0.53394
FedNova,1.0,0.5,12,0.62297,0.54087
FedNova,1.0,0.5,13,0.62806,0.52109
FedNova,1.0,0.5,14,0.62845,0.53967
FedNova,1.0,0.5,15,0.63083,0.52164
FedNova,1.0,0.5,16,0.62545,0.52945
FedNova,1.0,0.5,17,0.63378,0.53477
FedNova,1.0,0.5,18,0.62935,0.51822
FedNova,1.0,0.5,19,0.63333,0.52042
FedNova,1.0,0.5,20,0.62631,0.52021
FedNova,1.0,0.5,21,0.63175,0.52615
FedNova,1.0,0.5,22,0.62573,0.5172
FedNova,1.0,0.5,23,0.63634,0.49986
FedNova,1.0,0.5,24,0.63441,0.51797
FedNova,1.0,0.5,25,0.63344,0.5053
FedNova,1.0,0.5,26,0.63406,0.51101
FedNova,1.0,0.5,27,0.63671,0.50199
FedNova,1.0,0.5,28,0.64149,0.48672
FedNova,1.0,0.5,29,0.63409,0.51372
FedNova,1.0,0.5,30,0.6411,0.49757
FedNova,1.0,0.5,31,0.63877,0.5011
FedNova,1.0,0.5,32,0.64007,0.5222
FedNova,1.0,0.5,33,0.63336,0.51854
FedNova,1.0,0.5,34,0.63031,0.52801
FedNova,1.0,0.5,35,0.64324,0.50045
FedNova,1.0,0.5,36,0.62925,0.52362
FedNova,1.0,0.5,37,0.64303,0.51114
FedNova,1.0,0.5,38,0.64108,0.48461
FedNova,1.0,0.5,39,0.63218,0.52954
FedNova,1.0,0.5,40,0.62895,0.53111
FedNova,2.0,0.1,1,0.61064,0.60538
FedNova,2.0,0.1,2,0.63183,0.55833
FedNova,2.0,0.1,3,0.64037,0.54303
FedNova,2.0,0.1,4,0.66637,0.50222
FedNova,2.0,0.1,5,0.68916,0.46498
FedNova,2.0,0.1,6,0.70142,0.44969
FedNova,2.0,0.1,7,0.71366,0.44339
FedNova,2.0,0.1,8,0.72812,0.40261
FedNova,2.0,0.1,9,0.73456,0.38392
FedNova,2.0,0.1,10,0.75294,0.36366
FedNova,2.0,0.1,11,0.74637,0.36375
FedNova,2.0,0.1,12,0.75901,0.34547
FedNova,2.0,0.1,13,0.77247,0.31793
FedNova,2.0,0.1,14,0.7743,0.32708
FedNova,2.0,0.1,15,0.76901,0.33234
FedNova,2.0,0.1,16,0.77966,0.32094
FedNova,2.0,0.1,17,0.78116,0.31594
FedNova,2.0,0.1,18,0.77707,0.307
FedNova,2.0,0.1,19,0.79458,0.30304
FedNova,2.0,0.1,20,0.79225,0.28928
FedNova,2.0,0.1,21,0.80099,0.26158
FedNova,2.0,0.1,22,0.79159,0.3019
FedNova,2.0,0.1,23,0.80197,0.26991
FedNova,2.0,0.1,24,0.78819,0.31368
FedNova,2.0,0.1,25,0.80171,0.27094
FedNova,2.0,0.1,26,0.80225,0.28789
FedNova,2.0,0.1,27,0.78736,0.31057
FedNova,2.0,0.1,28,0.80822,0.24924
FedNova,2.0,0.1,29,0.80916,0.25074
FedNova,2.0,0.1,30,0.81204,0.26833
FedNova,2.0,0.1,31,0.81931,0.24792
FedNova,2.0,0.1,32,0.80633,0.28253
FedNova,2.0,0.1,33,0.80292,0.26968
FedNova,2.0,0.1,34,0.80492,0.27309
FedNova,2.0,0.1,35,0.80101,0.28405
FedNova,2.0,0.1,36,0.81107,0.26577
FedNova,2.0,0.1,37,0.81828,0.25162
FedNova,2.0,0.1,38,0.81615,0.25235
FedNova,2.0,0.1,39,0.81305,0.24275
FedNova,2.0,0.1,40,0.80989,0.26473
FedNova,2.0,0.3,1,0.59149,0.61848
FedNova,2.0,0.3,2,0.61384,0.57965
FedNova,2.0,0.3,3,0.62161,0.56436
FedNova,2.0,0.3,4,0.64801,0.52316
FedNova,2.0,0.3,5,0.65947,0.50664
FedNova,2.0,0.3,6,0.68326,0.46836
FedNova,2.0,0.3,7,0.68678,0.47616
FedNova,2.0,0.3,8,0.70542,0.44277
FedNova,2.0,0.3,9,0.7151,0.41413
FedNova,2.0,0.3,10,0.71495,0.42648
FedNova,2.0,0.3,11,0.71904,0.40644
FedNova,2.0,0.3,12,0.73046,0.39363
FedNova,2.0,0.3,13,0.73165,0.39654
FedNova,2.0,0.3,14,0.73672,0.3855
FedNova,2.0,0.3,15,0.74815,0.36766
FedNova,2.0,0.3,16,0.74959,0.34642
FedNova,2.0,0.3,17,0.74036,0.36385
FedNova,2.0,0.3,18,0.75374,0.36551
FedNova,2.0,0.3,19,0.74589,0.36386
FedNova,2.0,0.3,20,0.75015,0.34689
FedNova,2.0,0.3,21,0.75542,0.35321
FedNova,2.0,0.3,22,0.75993,0.35129
FedNova,2.0,0.3,23,0.75413,0.3561
FedNova,2.0,0.3,24,0.76684,0.32974
FedNova,2.0,0.3,25,0.76519,0.3254
FedNova,2.0,0.3,26,0.75673,0.33855
FedNova,2.0,0.3,27,0.76023,0.36635
FedNova,2.0,0.3,28,0.7619,0.35139
FedNova,2.0,0.3,29,0.76666,0.33116
FedNova,2.0,0.3,30,0.77046,0.31476
FedNova,2.0,0.3,31,0.77199,0.32403
FedNova,2.0,0.3,32,0.75783,0.34598
FedNova,2.0,0.3,33,0.77061,0.32648
FedNova,2.0,0.3,34,0.77714,0.30857
FedNova,2.0,0.3,35,0.77099,0.32872
FedNova,2.0,0.3,36,0.76277,0.34467
FedNova,2.0,0.3,37,0.75969,0.32391
FedNova,2.0,0.3,38,0.77173,0.30912
FedNova,2.0,0.3,39,0.76807,0.30863
FedNova,2.0,0.3,40,0.76933,0.31193
FedNova,2.0,0.5,1,0.59162,0.60907
FedNova,2.0,0.5,2,0.60943,0.59036
FedNova,2.0,0.5,3,0.6222,0.56882
FedNova,2.0,0.5,4,0.63583,0.53224
FedNova,2.0,0.5,5,0.63126,0.54783
FedNova,2.0,0.5,6,0.65123,0.51116
FedNova,2.0,0.5,7,0.66835,0.46853
FedNova,2.0,0.5,8,0.66906,0.47834
FedNova,2.0,0.5,9,0.67419,0.47795
FedNova,2.0,0.5,10,0.68574,0.44803
FedNova,2.0,0.5,11,0.68599,0.46198
FedNova,2.0,0.5,12,0.6926,0.44876
FedNova,2.0,0.5,13,0.70334,0.4074
FedNova,2.0,0.5,14,0.69773,0.43287
FedNova,2.0,0.5,15,0.70944,0.42307
FedNova,2.0,0.5,16,0.71496,0.41684
FedNova,2.0,0.5,17,0.71033,0.40996
FedNova,2.0,0.5,18,0.71936,0.39437
FedNova,2.0,0.5,19,0.72292,0.37706
FedNova,2.0,0.5,20,0.72214,0.39169
FedNova,2.0,0.5,21,0.70786,0.42267
FedNova,2.0,0.5,22,0.72279,0.39171
FedNova,2.0,0.5,23,0.71557,0.39653
FedNova,2.0,0.5,24,0.73208,0.36944
FedNova,2.0,0.5,25,0.70303,0.40949
FedNova,2.0,0.5,26,0.71742,0.39632
FedNova,2.0,0.5,27,0.72291,0.38057
FedNova,2.0,0.5,28,0.7208,0.40291
FedNova,2.0,0.5,29,0.7177,0.41615
FedNova,2.0,0.5,30,0.72354,0.37732
FedNova,2.0,0.5,31,0.73192,0.38201
FedNova,2.0,0.5,32,0.72128,0.39862
FedNova,2.0,0.5,33,0.7168,0.38805
FedNova,2.0,0.5,34,0.73486,0.36935
FedNova,2.0,0.5,35,0.72052,0.39703
FedNova,2.0,0.5,36,0.73404,0.37267
FedNova,2.0,0.5,37,0.71788,0.39199
FedNova,2.0,0.5,38,0.73138,0.38417
FedNova,2.0,0.5,39,0.74013,0.36166
FedNova,2.0,0.5,40,0.72624,0.38321
